,Rooms,Furnishing,Bathroom,Tenant Preferred,Availability,Carpet Area,Floor,Price
0,"1 BHK Flat for Rent in Wagholi, Pune",FurnishingFurnished,Bathroom1,,AvailabilityImmediately,Carpet Area584 sqft,Floor4 out of 10,"₹18,000"
1,"2 BHK Flat for Rent in Manjri, Manjri Budruk, Pune",FurnishingFurnished,Bathroom2,,AvailabilityImmediately,,Floor6 out of 12,"₹20,000"
2,"2 BHK Flat for Rent in Adarsh Colony Tingre Nagar, Pune",FurnishingFurnished,Bathroom2,,AvailabilityFrom Apr '25,Carpet Area900 sqft,Floor5 out of 5,"₹30,000"
3,"2 BHK Flat for Rent in Wagholi, Pune",FurnishingUnfurnished,Bathroom2,,AvailabilityImmediately,Carpet Area800 sqft,Floor5 out of 7,"₹28,000"
4,"2 BHK Flat for Rent in Aundh, Pune",FurnishingFurnished,Bathroom1,,AvailabilityImmediately,,Floor1 out of 3,"₹25,000"
5,"2 BHK Flat for Rent in Wakad, Pune",FurnishingSemi-Furnished,Bathroom2,,AvailabilityImmediately,,Floor6 out of 11,"₹25,000"
6,"3 BHK Flat for Rent in Prabhat Road, Pune",FurnishingFurnished,Bathroom3,,AvailabilityImmediately,Carpet Area1100 sqft,Floor4 out of 5,₹2.3 Lac
7,"1 BHK Flat for Rent in Model Colony, Shivaji Nagar, Pune",FurnishingFurnished,Bathroom1,,AvailabilityImmediately,Carpet Area550 sqft,Floor2 out of 15,"₹10,000"
8,1 BHK Flat for Rent in Pune,FurnishingUnfurnished,Bathroom1,,AvailabilityFrom Mar '25,,Floor1 out of 3,"₹15,000"
9,"4 BHK Flat for Rent in Prabhat Road, Pune",FurnishingUnfurnished,Bathroom4,,AvailabilityImmediately,Carpet Area1825 sqft,Floor3 out of 6,₹1.6 Lac
10,"3 BHK Flat for Rent in Marunji, Hinjawadi, Pune",FurnishingSemi-Furnished,Bathroom2,,AvailabilityImmediately,Carpet Area950 sqft,Floor5 out of 8,"₹17,000"
11,"2 BHK Flat for Rent in Koregaon Park, Pune",FurnishingFurnished,Bathroom2,,AvailabilityImmediately,Carpet Area900 sqft,Floor5 out of 6,"₹45,000"
12,"1 BHK Flat for Rent in Wakad, Pune",FurnishingSemi-Furnished,Bathroom1,,AvailabilityImmediately,,Floor7 out of 20,"₹21,000"
13,"3 BHK Flat for Rent in Balewadi, Pune",FurnishingUnfurnished,Bathroom2,,AvailabilityImmediately,Carpet Area1560 sqft,Floor13 out of 21,"₹62,000"
14,"1 BHK Flat for Rent in Ram Nagar Tathawade, Pune",FurnishingUnfurnished,Bathroom2,,AvailabilityImmediately,Carpet Area495 sqft,Floor7 out of 11,"₹21,000"
15,"2 BHK Flat for Rent in Marunji, Hinjawadi, Pune",FurnishingUnfurnished,Bathroom2,,AvailabilityImmediately,,Floor8 out of 8,"₹12,000"
16,"1 BHK Flat for Rent in Pimple Saudagar, Pimpri Chinchwad, Pune",FurnishingSemi-Furnished,Bathroom1,,AvailabilityImmediately,Carpet Area600 sqft,Floor3 out of 4,"₹19,000"
17,"1 BHK Flat for Rent in Pashan, Pune",FurnishingUnfurnished,Bathroom1,,AvailabilityImmediately,Carpet Area535 sqft,FloorUpper Basement out of 4,"₹15,500"
18,"1 BHK Flat for Rent in Kothrud, Pune",FurnishingSemi-Furnished,Bathroom1,,AvailabilityImmediately,,Floor2 out of 3,"₹8,500"
19,"2 BHK Flat for Rent in Punawale, Pimpri Chinchwad, Pune",FurnishingUnfurnished,Bathroom2,,AvailabilityImmediately,Carpet Area700 sqft,Floor13 out of 13,"₹21,000"
20,"3 BHK Flat for Rent in Gahunje, Pune",FurnishingFurnished,Bathroom2,,AvailabilityImmediately,Carpet Area536 sqft,Floor1 out of 4,"₹10,000"
21,"2 BHK Flat for Rent in Wakad, Pune",FurnishingUnfurnished,Bathroom2,,AvailabilityImmediately,,Floor6 out of 9,"₹27,000"
22,"2 BHK Flat for Rent in Chikhali Pimpri Chinchwad, Pune",FurnishingUnfurnished,Bathroom2,,AvailabilityImmediately,Carpet Area603 sqft,Floor6 out of 7,"₹15,000"
23,"1 BHK Flat for Rent in Loni Kalbhor, Pune",FurnishingUnfurnished,Bathroom1,,AvailabilityImmediately,Carpet Area500 sqft,Floor10 out of 11,"₹12,500"
24,"1 BHK Flat for Rent in Kothrud, Pune",FurnishingSemi-Furnished,Bathroom1,,AvailabilityImmediately,Carpet Area450 sqft,Floor3 out of 3,"₹18,500"
25,"2 BHK Flat for Rent in Wakad, Pune",FurnishingSemi-Furnished,Bathroom2,,AvailabilityImmediately,Carpet Area700 sqft,Floor19 out of 20,"₹37,000"
26,"3 BHK Flat for Rent in Pimpri Chinchwad, Pune",FurnishingFurnished,Bathroom3,,AvailabilityImmediately,Carpet Area1500 sqft,Floor4 out of 6,"₹45,000"
27,"2 BHK Flat for Rent in Wadgaon Sheri, Pune",FurnishingUnfurnished,Bathroom2,,AvailabilityImmediately,Carpet Area1086 sqft,Floor2 out of 6,"₹45,000"
28,"2 BHK Flat for Rent in Wakadewadi, Shivaji Nagar, Pune",FurnishingUnfurnished,Bathroom2,,AvailabilityImmediately,Carpet Area900 sqft,Floor11 out of 11,"₹32,000"
29,"2 BHK Flat for Rent in Ambegaon, Pune",FurnishingUnfurnished,Bathroom2,,AvailabilityImmediately,,Floor4 out of 5,"₹13,500"
30,"2 BHK Flat for Rent in NIBM Road, Pune",FurnishingUnfurnished,Bathroom2,,AvailabilityImmediately,Carpet Area830 sqft,Floor12 out of 20,"₹32,000"
31,"Studio Apartment for Rent in Karvenagar, Pune",FurnishingUnfurnished,Bathroom1,,AvailabilityImmediately,,Floor3 out of 8,"₹15,000"
32,"2 BHK Flat for Rent in Shewalewadi, Pune",FurnishingFurnished,Bathroom2,,AvailabilityImmediately,,FloorUpper Basement out of 6,"₹7,000"
33,"3 BHK Flat for Rent in Balewadi, Pune",FurnishingSemi-Furnished,Bathroom2,,AvailabilityImmediately,Carpet Area950 sqft,Floor5 out of 9,"₹35,000"
34,"2 BHK Flat for Rent in Hinjawadi, Pune",FurnishingUnfurnished,Bathroom2,,AvailabilityImmediately,Carpet Area750 sqft,Floor9 out of 22,"₹29,000"
35,"1 BHK Flat for Rent in Hinjawadi, Pune",FurnishingSemi-Furnished,Bathroom1,,AvailabilityImmediately,Carpet Area458 sqft,Floor5 out of 13,"₹22,000"
36,"1 BHK Flat for Rent in Narhe, Pune",FurnishingUnfurnished,Bathroom1,,AvailabilityImmediately,,Floor3 out of 5,"₹8,000"
37,"2 BHK Flat for Rent in Kaspate Wasti, Pune",FurnishingSemi-Furnished,Bathroom2,,AvailabilityImmediately,Carpet Area900 sqft,Floor9 out of 12,"₹30,000"
38,"3 BHK Flat for Rent in Koregaon Park, Pune",FurnishingUnfurnished,Bathroom3,,AvailabilityImmediately,Carpet Area1300 sqft,Floor4 out of 12,"₹50,000"
39,"1 BHK Flat for Rent in Pimpri Chinchwad, Pune",FurnishingUnfurnished,Bathroom1,,AvailabilityImmediately,,FloorGround out of 3,"₹12,000"
40,"2 BHK Flat for Rent in Punvale Bazar, Pune",FurnishingSemi-Furnished,Bathroom2,,AvailabilityImmediately,Carpet Area800 sqft,FloorLower Basement out of 6,"₹23,000"
41,"3 BHK Flat for Rent in Pashan, Pune",FurnishingUnfurnished,Bathroom2,,AvailabilityImmediately,Carpet Area1100 sqft,Floor9 out of 11,"₹35,000"
42,"2 BHK Flat for Rent in Rambaug Colony, Kothrud, Pune",FurnishingUnfurnished,Bathroom2,,AvailabilityImmediately,Carpet Area850 sqft,Floor3 out of 4,"₹28,000"
43,"3 BHK Flat for Rent in Dhanori, Pune",FurnishingUnfurnished,Bathroom2,,AvailabilityImmediately,Carpet Area900 sqft,Floor4 out of 11,"₹26,000"
44,"3 BHK Flat for Rent in Koregaon Park, Pune",FurnishingFurnished,Bathroom3,,AvailabilityImmediately,Carpet Area1450 sqft,Floor5 out of 7,"₹70,000"
45,"3 BHK Flat for Rent in Nigdi, Pimpri Chinchwad, Pune",FurnishingUnfurnished,Bathroom3,,AvailabilityImmediately,Carpet Area1210 sqft,Floor9 out of 13,"₹35,000"
46,"1 BHK Flat for Rent in Kondhwa, Pune",FurnishingSemi-Furnished,Bathroom1,,AvailabilityImmediately,,Floor14 out of 15,"₹11,000"
47,"2 BHK Flat for Rent in Bharati Vidyapeeth Campus, Pune",FurnishingUnfurnished,Bathroom2,,AvailabilityImmediately,Carpet Area820 sqft,Floor4 out of 7,"₹20,000"
48,"2 BHK Flat for Rent in Kharadi, Pune",FurnishingSemi-Furnished,Bathroom2,,AvailabilityImmediately,,Floor2 out of 20,"₹45,000"
49,"2 BHK Flat for Rent in Bavdhan, Pune",FurnishingUnfurnished,Bathroom2,,AvailabilityImmediately,Carpet Area800 sqft,Floor5 out of 5,"₹23,000"
50,"3 BHK Flat for Rent in Hadapsar, Pune",FurnishingUnfurnished,Bathroom3,,AvailabilityImmediately,Carpet Area1250 sqft,Floor9 out of 28,"₹55,000"
51,"3 BHK Flat for Rent in Kiwale, Dehu Road, Pune",FurnishingUnfurnished,Bathroom3,,AvailabilityImmediately,Carpet Area1030 sqft,Floor7 out of 12,"₹27,000"
52,"4 BHK Flat for Rent in Kiwale, Dehu Road, Pune",FurnishingUnfurnished,Bathroom3,,AvailabilityImmediately,Carpet Area1600 sqft,Floor6 out of 12,"₹38,000"
53,"2 BHK Flat for Rent in Choudhary Park Shankar Kalat Nagar, Pune",FurnishingFurnished,Bathroom2,,AvailabilityImmediately,Carpet Area766 sqft,Floor12 out of 13,"₹32,000"
54,"3 BHK Flat for Rent in Charholi BK, Pune",FurnishingSemi-Furnished,Bathroom3,,AvailabilityImmediately,Carpet Area985 sqft,Floor9 out of 16,"₹26,000"
55,"2 BHK Flat for Rent in Punawale, Pimpri Chinchwad, Pune",FurnishingSemi-Furnished,Bathroom2,,AvailabilityImmediately,Carpet Area732 sqft,Floor9 out of 14,"₹21,000"
56,"1 BHK Flat for Rent in Bibwewadi, Pune",FurnishingFurnished,Bathroom1,,AvailabilityImmediately,Carpet Area650 sqft,Floor2 out of 5,"₹16,000"
57,"2 BHK Flat for Rent in Bhosale Nagar, Pune",FurnishingFurnished,Bathroom2,,AvailabilityImmediately,Carpet Area1100 sqft,Floor3 out of 6,"₹40,000"
58,"2 BHK Flat for Rent in EON Free Zone, Kharadi, Pune",FurnishingSemi-Furnished,Bathroom2,,AvailabilityImmediately,Carpet Area850 sqft,Floor4 out of 9,"₹34,000"
59,"2 BHK Flat for Rent in Aundh, Pune",FurnishingFurnished,Bathroom2,,AvailabilityImmediately,Carpet Area950 sqft,Floor5 out of 6,"₹36,000"
60,"4 BHK Flat for Rent in Kharadi, Pune",FurnishingFurnished,Bathroom4,,AvailabilityImmediately,Carpet Area3500 sqft,Floor20 out of 27,₹2.5 Lac
61,1 BHK Flat for Rent in Pune,FurnishingFurnished,Bathroom2,,AvailabilityImmediately,Carpet Area730 sqft,Floor6 out of 6,"₹22,000"
62,"2 BHK Flat for Rent in Hadapsar, Pune",FurnishingFurnished,Bathroom2,,AvailabilityImmediately,Carpet Area840 sqft,Floor4 out of 9,"₹35,000"
63,1 BHK Flat for Rent in Pune,FurnishingUnfurnished,Bathroom1,,AvailabilityImmediately,Carpet Area380 sqft,Floor4 out of 4,"₹15,500"
64,"3 BHK Flat for Rent in Sus, Pune",FurnishingSemi-Furnished,Bathroom3,,AvailabilityImmediately,Carpet Area1000 sqft,Floor2 out of 11,"₹26,000"
65,"4 BHK Flat for Rent in Hadapsar, Pune",FurnishingSemi-Furnished,Bathroom4,,AvailabilityImmediately,Carpet Area3500 sqft,Floor4 out of 10,₹1 Lac
66,"4 BHK Flat for Rent in Mohamadwadi Settlement, Pune",FurnishingFurnished,Bathroom4,,AvailabilityImmediately,,Floor4 out of 4,"₹90,000"
67,"2 BHK Flat for Rent in Moshi, Pune",FurnishingSemi-Furnished,Bathroom2,,AvailabilityImmediately,,FloorGround out of 6,"₹20,000"
68,"2 BHK Flat for Rent in Undri, Pune",FurnishingFurnished,Bathroom2,,AvailabilityImmediately,,Floor7 out of 11,"₹21,000"
69,"2 BHK Flat for Rent in Aundh, Pune",FurnishingSemi-Furnished,Bathroom2,,AvailabilityImmediately,Carpet Area950 sqft,Floor3 out of 6,"₹28,000"
70,"2 BHK Flat for Rent in Kharadi, Pune",FurnishingSemi-Furnished,Bathroom2,,AvailabilityImmediately,,Floor10 out of 11,"₹50,000"
71,"2 BHK Flat for Rent in Viman Nagar, Pune",FurnishingUnfurnished,Bathroom2,,AvailabilityImmediately,Carpet Area814 sqft,Floor3 out of 6,"₹45,000"
72,"1 BHK Flat for Rent in EON Free Zone, Kharadi, Pune",FurnishingFurnished,Bathroom1,,AvailabilityImmediately,Carpet Area447 sqft,Floor8 out of 22,"₹20,000"
73,"2 BHK Flat for Rent in Karvenagar, Pune",FurnishingSemi-Furnished,Bathroom2,,AvailabilityImmediately,Carpet Area1000 sqft,Floor5 out of 6,"₹22,000"
74,"4 BHK Flat for Rent in Bavdhan, Pune",FurnishingSemi-Furnished,Bathroom5,,AvailabilityImmediately,Carpet Area2100 sqft,Floor11 out of 12,"₹85,000"
75,"2 BHK Flat for Rent in Mahalunge, Pune",FurnishingSemi-Furnished,Bathroom2,,AvailabilityImmediately,Carpet Area650 sqft,Floor6 out of 21,"₹28,000"
76,"2 BHK Flat for Rent in Ravet, Pimpri Chinchwad, Pune",FurnishingSemi-Furnished,Bathroom2,,AvailabilityImmediately,Carpet Area900 sqft,Floor5 out of 18,"₹23,000"
77,"2 BHK Flat for Rent in Kalyani Nagar, Pune",FurnishingSemi-Furnished,Bathroom2,,AvailabilityImmediately,Carpet Area778 sqft,Floor4 out of 12,"₹38,000"
78,"3 BHK Flat for Rent in Koregaon Park, Pune",FurnishingFurnished,Bathroom3,,AvailabilityImmediately,Carpet Area1300 sqft,Floor7 out of 12,"₹55,000"
79,"2 BHK Flat for Rent in Wakad, Pune",FurnishingFurnished,Bathroom2,,AvailabilityImmediately,,Floor11 out of 11,"₹35,000"
80,"2 BHK Flat for Rent in Wakad, Pune",FurnishingSemi-Furnished,Bathroom2,,AvailabilityImmediately,,Floor4 out of 7,"₹26,000"
81,"2 BHK Flat for Rent in Pimpri Chinchwad, Pune",FurnishingSemi-Furnished,Bathroom2,,AvailabilityImmediately,,Floor2 out of 6,"₹22,000"
82,"1 BHK Flat for Rent in Undri, Pune",FurnishingSemi-Furnished,Bathroom2,,AvailabilityImmediately,Carpet Area495 sqft,Floor1 out of 11,"₹10,500"
83,"2 BHK Flat for Rent in Balewadi, Pune",FurnishingUnfurnished,Bathroom2,,AvailabilityImmediately,Carpet Area785 sqft,Floor4 out of 16,"₹31,999"
84,"2 BHK Flat for Rent in Wakad, Pune",FurnishingFurnished,Bathroom2,,AvailabilityImmediately,Carpet Area744 sqft,Floor13 out of 14,"₹32,000"
85,"2 BHK Flat for Rent in NIBM Annexe Area, Pune",FurnishingFurnished,Bathroom2,,AvailabilityImmediately,Carpet Area850 sqft,Floor5 out of 10,"₹23,000"
86,"3 BHK Flat for Rent in Keshav Nagar Mundhwa, Pune",FurnishingSemi-Furnished,Bathroom3,,AvailabilityImmediately,Carpet Area800 sqft,Floor7 out of 13,"₹33,999"
87,"2 BHK Flat for Rent in Karve Road, Pune",FurnishingSemi-Furnished,Bathroom2,,AvailabilityImmediately,Carpet Area805 sqft,Floor3 out of 4,"₹20,000"
88,"1 BHK Flat for Rent in Wagholi, Pune",FurnishingUnfurnished,Bathroom1,,AvailabilityImmediately,Carpet Area489 sqft,Floor2 out of 13,"₹14,000"
89,"3 BHK Flat for Rent in Balewadi, Pune",FurnishingUnfurnished,Bathroom2,,AvailabilityImmediately,Carpet Area1550 sqft,Floor13 out of 21,"₹70,000"
90,"2 BHK Flat for Rent in Hadapsar, Pune",FurnishingUnfurnished,Bathroom2,,AvailabilityImmediately,Carpet Area750 sqft,Floor10 out of 22,"₹28,000"
91,"3 BHK Flat for Rent in Mahalunge, Pune",FurnishingSemi-Furnished,Bathroom3,,AvailabilityImmediately,Carpet Area961 sqft,Floor19 out of 22,"₹32,000"
92,"3 BHK Flat for Rent in Pimple Saudagar, Pimpri Chinchwad, Pune",FurnishingUnfurnished,Bathroom3,,AvailabilityImmediately,Carpet Area1180 sqft,Floor4 out of 7,"₹32,000"
93,"2 BHK Flat for Rent in Amanora Park Town, Pune",FurnishingFurnished,Bathroom2,,AvailabilityImmediately,Carpet Area799 sqft,Floor32 out of 33,"₹45,000"
94,"3 BHK Flat for Rent in Mahalunge, Pune",FurnishingSemi-Furnished,Bathroom3,,AvailabilityImmediately,Carpet Area1120 sqft,Floor11 out of 23,"₹35,000"
95,"Studio Apartment for Rent in Wadgaon Sheri, Pune",FurnishingSemi-Furnished,Bathroom1,,AvailabilityImmediately,Carpet Area250 sqft,Floor9 out of 14,"₹15,000"
96,"3 BHK Flat for Rent in Katraj Kondhwa Road, Pune",FurnishingSemi-Furnished,Bathroom3,,AvailabilityImmediately,Carpet Area1200 sqft,Floor15 out of 16,"₹25,000"
97,"3 BHK Flat for Rent in Baner, Pune",FurnishingFurnished,Bathroom3,,AvailabilityImmediately,Carpet Area1500 sqft,Floor3 out of 10,"₹37,000"
98,"2 BHK Flat for Rent in Kalyani Nagar, Pune",FurnishingSemi-Furnished,Bathroom2,,AvailabilityImmediately,Carpet Area950 sqft,Floor5 out of 9,"₹53,000"
99,"2 BHK Flat for Rent in Koregaon Park, Pune",FurnishingSemi-Furnished,Bathroom2,,AvailabilityImmediately,Carpet Area950 sqft,Floor2 out of 3,"₹35,000"
100,"3 BHK Flat for Rent in Hadapsar, Pune",FurnishingSemi-Furnished,Bathroom3,,AvailabilityImmediately,Carpet Area1200 sqft,Floor3 out of 11,"₹43,000"
101,"3 BHK Flat for Rent in Hinjawadi, Pune",FurnishingSemi-Furnished,Bathroom3,,AvailabilityImmediately,,Floor22 out of 25,"₹30,000"
102,"1 BHK Flat for Rent in Hinjawadi, Pune",FurnishingUnfurnished,Bathroom1,,AvailabilityImmediately,Carpet Area400 sqft,Floor2 out of 4,"₹7,800"
103,"2 BHK Flat for Rent in Hadapsar, Pune",FurnishingUnfurnished,Bathroom2,,AvailabilityImmediately,Carpet Area1150 sqft,Floor5 out of 12,"₹41,000"
104,"1 BHK Flat for Rent in Narayan Peth, Pune",FurnishingSemi-Furnished,Bathroom1,,AvailabilityImmediately,Carpet Area520 sqft,Floor4 out of 5,"₹22,000"
105,"3 BHK Flat for Rent in Koregaon Park, Pune",FurnishingFurnished,Bathroom3,,AvailabilityImmediately,Carpet Area1400 sqft,Floor5 out of 9,"₹60,000"
106,"1 BHK Flat for Rent in Hinjewadi Rajiv Gandhi Infotech Park, Hinjawadi, Pune",FurnishingSemi-Furnished,Bathroom1,,AvailabilityFrom Mar '25,Carpet Area450 sqft,Floor10 out of 14,"₹21,500"
107,"1 BHK Flat for Rent in Hinjawadi, Pune",FurnishingUnfurnished,Bathroom1,,AvailabilityImmediately,Carpet Area451 sqft,Floor10 out of 21,"₹16,500"
108,"2 BHK Flat for Rent in Kharadi, Pune",FurnishingSemi-Furnished,Bathroom2,,AvailabilityImmediately,Carpet Area1050 sqft,Floor4 out of 17,"₹40,000"
109,"3 BHK Flat for Rent in Undri, Pune",FurnishingSemi-Furnished,Bathroom3,,AvailabilityFrom Mar '25,Carpet Area1100 sqft,Floor4 out of 12,"₹21,000"
110,"3 BHK Flat for Rent in Hills and Dales, Pune",FurnishingSemi-Furnished,Bathroom3,,AvailabilityImmediately,Carpet Area1350 sqft,Floor14 out of 15,"₹35,000"
111,"2 BHK Flat for Rent in Kothrud, Pune",FurnishingUnfurnished,Bathroom2,,AvailabilityImmediately,Carpet Area852 sqft,Floor3 out of 9,"₹35,000"
112,"2 BHK Flat for Rent in Kharadi, Pune",FurnishingUnfurnished,Bathroom2,,AvailabilityImmediately,Carpet Area950 sqft,Floor5 out of 12,"₹35,000"
113,"2 BHK Flat for Rent in Kiwale, Dehu Road, Pune",FurnishingFurnished,Bathroom2,,AvailabilityImmediately,Carpet Area700 sqft,Floor2 out of 3,"₹23,000"
114,"2 BHK Flat for Rent in Baner Pashan Link Road, Pune",FurnishingSemi-Furnished,Bathroom2,,AvailabilityImmediately,Carpet Area900 sqft,Floor5 out of 11,"₹44,000"
115,"2 BHK Flat for Rent in Phase 3 Hinjewadi Rajiv Gandhi Infotech Park, Pune",FurnishingFurnished,Bathroom2,,AvailabilityImmediately,,Floor4 out of 20,"₹16,000"
116,"2 BHK Flat for Rent in Baner, Pune",FurnishingUnfurnished,Bathroom2,,AvailabilityImmediately,Carpet Area900 sqft,Floor7 out of 11,"₹24,000"
117,"2 BHK Flat for Rent in Sangamvadi, Pune",FurnishingFurnished,Bathroom2,,AvailabilityImmediately,Carpet Area900 sqft,Floor3 out of 3,"₹32,000"
118,"2 BHK Flat for Rent in Charholi BK, Pune",FurnishingUnfurnished,Bathroom2,,AvailabilityImmediately,Carpet Area900 sqft,Floor16 out of 22,"₹20,000"
119,3 BHK Flat for Rent in Pune,FurnishingUnfurnished,Bathroom3,,AvailabilityImmediately,Carpet Area1200 sqft,Floor4 out of 11,"₹55,000"
120,"1 BHK Flat for Rent in Hinjawadi, Pune",FurnishingUnfurnished,Bathroom1,,AvailabilityImmediately,Carpet Area510 sqft,Floor5 out of 14,"₹19,500"
121,"2 BHK Flat for Rent in Hinjawadi, Pune",FurnishingUnfurnished,Bathroom2,,AvailabilityImmediately,Carpet Area880 sqft,Floor5 out of 10,"₹25,000"
122,"2 BHK Flat for Rent in Balewadi Phata, Baner, Pune",FurnishingUnfurnished,Bathroom2,,AvailabilityImmediately,Carpet Area825 sqft,Floor9 out of 12,"₹35,000"
123,"2 BHK Flat for Rent in Bibwewadi, Pune",FurnishingUnfurnished,Bathroom2,,AvailabilityImmediately,,Floor5 out of 11,"₹35,000"
124,"2 BHK Flat for Rent in Phase 3 Hinjewadi Rajiv Gandhi Infotech Park, Pune",FurnishingUnfurnished,Bathroom2,,AvailabilityImmediately,Carpet Area665 sqft,Floor4 out of 14,"₹24,000"
125,"3 BHK Flat for Rent in Sus, Pune",FurnishingSemi-Furnished,Bathroom4,,AvailabilityImmediately,,Floor12 out of 12,"₹28,000"
126,"2 BHK Flat for Rent in Koregaon Park, Pune",FurnishingSemi-Furnished,Bathroom2,,AvailabilityImmediately,Carpet Area800 sqft,Floor4 out of 9,"₹42,000"
127,"3 BHK Flat for Rent in Tukaram Nagar Kharadi, Pune",FurnishingSemi-Furnished,Bathroom2,,AvailabilityImmediately,Carpet Area1228 sqft,Floor9 out of 11,"₹40,000"
128,"2 BHK Flat for Rent in Dorabjee Paradise, Mohammed Wadi, Pune",FurnishingUnfurnished,Bathroom2,,AvailabilityImmediately,Carpet Area850 sqft,Floor7 out of 12,"₹27,000"
129,1 BHK Flat for Rent in Pune,FurnishingFurnished,Bathroom1,,AvailabilityImmediately,,Floor4 out of 4,"₹20,000"
130,"2 BHK Flat for Rent in Bund Garden Road, Pune",FurnishingFurnished,Bathroom2,,AvailabilityImmediately,Carpet Area905 sqft,Floor1 out of 4,"₹60,000"
131,"2 BHK Flat for Rent in Pimple Nilakh, Pimpri Chinchwad, Pune",FurnishingFurnished,Bathroom2,,AvailabilityImmediately,,Floor7 out of 10,"₹43,000"
132,"3 BHK Flat for Rent in Koregaon Park, Pune",FurnishingFurnished,Bathroom3,,AvailabilityImmediately,,Floor2 out of 13,₹1 Lac
133,"2 BHK Flat for Rent in Dhankawadi, Pune",FurnishingFurnished,Bathroom2,,AvailabilityImmediately,Carpet Area700 sqft,Floor3 out of 7,"₹25,000"
134,"1 BHK Flat for Rent in Dattawadi, Pune",FurnishingSemi-Furnished,Bathroom1,,AvailabilityImmediately,Carpet Area550 sqft,Floor1 out of 5,"₹16,000"
135,"2 BHK Flat for Rent in Lohegaon, Pune",FurnishingUnfurnished,Bathroom2,,AvailabilityImmediately,,Floor2 out of 10,"₹19,000"
136,"2 BHK Flat for Rent in Bavdhan, Pune",FurnishingSemi-Furnished,Bathroom2,,AvailabilityImmediately,,Floor6 out of 12,"₹25,000"
137,"2 BHK Flat for Rent in Lohegaon, Pune",FurnishingUnfurnished,Bathroom2,,AvailabilityImmediately,Carpet Area850 sqft,Floor4 out of 6,"₹22,000"
138,"2 BHK Flat for Rent in Vishrantwadi, Airport Road, Pune",FurnishingFurnished,Bathroom2,,AvailabilityImmediately,Carpet Area940 sqft,Floor9 out of 11,"₹28,000"
139,"2 BHK Flat for Rent in Balewadi, Pune",FurnishingUnfurnished,Bathroom2,,AvailabilityImmediately,,Floor12 out of 21,"₹35,000"
140,"1 BHK Flat for Rent in Ambegaon BK, Pune",FurnishingUnfurnished,Bathroom1,,AvailabilityImmediately,Carpet Area550 sqft,Floor4 out of 5,"₹9,000"
141,"3 BHK Flat for Rent in Koregaon Park, Pune",FurnishingFurnished,Bathroom3,,AvailabilityImmediately,Carpet Area1400 sqft,Floor5 out of 10,"₹65,000"
142,"3 BHK Flat for Rent in Kalyani Nagar, Pune",FurnishingSemi-Furnished,Bathroom3,,AvailabilityImmediately,Carpet Area1300 sqft,Floor2 out of 12,"₹67,000"
143,"1 BHK Flat for Rent in Kondhwa, Pune",FurnishingUnfurnished,Bathroom1,,AvailabilityImmediately,Carpet Area600 sqft,Floor10 out of 11,"₹12,000"
144,"2 BHK Flat for Rent in Kothrud, Pune",FurnishingFurnished,Bathroom2,,AvailabilityImmediately,Carpet Area850 sqft,Floor2 out of 7,"₹31,000"
145,"3 BHK Flat for Rent in Magarpatta, Pune",FurnishingFurnished,Bathroom3,,AvailabilityImmediately,Carpet Area1650 sqft,Floor5 out of 11,"₹51,000"
146,"2 BHK Flat for Rent in Rakshak Nagar, Kharadi, Pune",FurnishingUnfurnished,Bathroom2,,AvailabilityImmediately,Carpet Area1255 sqft,Floor15 out of 20,"₹40,000"
147,"2 BHK Flat for Rent in Phase 3 Hinjewadi Rajiv Gandhi Infotech Park, Pune",FurnishingFurnished,Bathroom2,,AvailabilityImmediately,Carpet Area850 sqft,Floor8 out of 17,"₹27,000"
148,"1 BHK Flat for Rent in Magarpatta, Pune",FurnishingFurnished,Bathroom1,,AvailabilityImmediately,Carpet Area460 sqft,Floor5 out of 6,"₹29,000"
149,"1 BHK Flat for Rent in Talegaon Dabhade, Pune",FurnishingUnfurnished,Bathroom1,,AvailabilityImmediately,Carpet Area576 sqft,Floor6 out of 8,"₹8,000"
150,"2 BHK Flat for Rent in Kalyani Nagar, Pune",FurnishingSemi-Furnished,Bathroom2,,AvailabilityImmediately,Carpet Area800 sqft,Floor8 out of 11,"₹29,000"
151,"2 BHK Flat for Rent in EON Free Zone, Kharadi, Pune",FurnishingFurnished,Bathroom2,,AvailabilityImmediately,Carpet Area950 sqft,Floor9 out of 16,"₹45,000"
152,"2 BHK Flat for Rent in Ravet, Pimpri Chinchwad, Pune",FurnishingUnfurnished,Bathroom2,,AvailabilityFrom Mar '25,Carpet Area700 sqft,Floor3 out of 18,"₹23,000"
153,"Studio Apartment for Rent in Kharadi, Pune",FurnishingSemi-Furnished,Bathroom1,,AvailabilityImmediately,Carpet Area270 sqft,Floor5 out of 16,"₹19,000"
154,"1 BHK Flat for Rent in Ambegaon, Pune",FurnishingFurnished,Bathroom1,,AvailabilityImmediately,Carpet Area500 sqft,Floor5 out of 11,"₹12,000"
155,"1 BHK Flat for Rent in Ambegaon BK, Pune",FurnishingUnfurnished,Bathroom1,,AvailabilityImmediately,Carpet Area450 sqft,Floor5 out of 11,"₹14,000"
156,"3 BHK Flat for Rent in Mundhwa, Pune",FurnishingFurnished,Bathroom2,,AvailabilityImmediately,,Floor2 out of 11,"₹80,000"
157,"2 BHK Flat for Rent in Loni Kalbhor, Pune",FurnishingUnfurnished,Bathroom2,,AvailabilityImmediately,,Floor5 out of 10,"₹13,000"
158,"3 BHK Flat for Rent in Vitthal Nagar Kharadi, Pune",FurnishingSemi-Furnished,Bathroom3,,AvailabilityImmediately,Carpet Area1870 sqft,Floor18 out of 32,"₹80,000"
159,"3 BHK Flat for Rent in EON Free Zone, Kharadi, Pune",FurnishingUnfurnished,Bathroom3,,AvailabilityImmediately,Carpet Area1680 sqft,Floor5 out of 10,"₹55,000"
160,"2 BHK Flat for Rent in Baner, Pune",FurnishingFurnished,Bathroom2,,AvailabilityImmediately,Carpet Area800 sqft,Floor4 out of 6,"₹36,000"
161,"2 BHK Flat for Rent in Kalyani Nagar, Pune",FurnishingUnfurnished,Bathroom2,,AvailabilityFrom Mar '25,Carpet Area980 sqft,Floor3 out of 10,"₹40,000"
162,"1 BHK Flat for Rent in Sadashiv Peth, Pune",FurnishingSemi-Furnished,Bathroom1,,AvailabilityImmediately,Carpet Area500 sqft,Floor2 out of 5,"₹15,000"
163,"2 BHK Flat for Rent in Hadapsar, Pune",FurnishingUnfurnished,Bathroom2,,AvailabilityImmediately,Carpet Area956 sqft,Floor2 out of 9,"₹34,000"
164,"3 BHK Flat for Rent in Kalyani Nagar, Pune",FurnishingUnfurnished,Bathroom4,,AvailabilityImmediately,,Floor2 out of 11,"₹75,000"
165,"2 BHK Flat for Rent in Pimple Saudagar, Pimpri Chinchwad, Pune",FurnishingFurnished,Bathroom2,,AvailabilityImmediately,Carpet Area1151 sqft,Floor5 out of 7,"₹30,000"
166,"1 BHK Flat for Rent in Wadgaon Sheri, Pune",FurnishingUnfurnished,Bathroom1,,AvailabilityImmediately,Carpet Area660 sqft,Floor6 out of 6,"₹22,000"
167,"2 BHK Flat for Rent in Hadapsar, Pune",FurnishingUnfurnished,Bathroom2,,AvailabilityImmediately,Carpet Area725 sqft,Floor12 out of 15,"₹18,000"
168,"2 BHK Flat for Rent in Mahalunge, Pune",FurnishingUnfurnished,Bathroom2,,AvailabilityImmediately,Carpet Area720 sqft,FloorUpper Basement out of 14,"₹25,000"
169,"2 BHK Flat for Rent in EON Free Zone, Kharadi, Pune",FurnishingSemi-Furnished,Bathroom2,,AvailabilityImmediately,Carpet Area960 sqft,Floor7 out of 12,"₹43,000"
170,1 BHK Flat for Rent in Pune,FurnishingSemi-Furnished,Bathroom2,,AvailabilityImmediately,Carpet Area550 sqft,Floor4 out of 7,"₹17,000"
171,"3 BHK Flat for Rent in Kalyani Nagar, Pune",FurnishingSemi-Furnished,Bathroom3,,AvailabilityImmediately,,Floor3 out of 11,"₹65,000"
172,"2 BHK Flat for Rent in Pimple Nilakh, Pimpri Chinchwad, Pune",FurnishingFurnished,Bathroom2,,AvailabilityImmediately,Carpet Area880 sqft,Floor5 out of 7,"₹35,000"
173,"2 BHK Flat for Rent in Undri, Pune",FurnishingSemi-Furnished,Bathroom2,,AvailabilityImmediately,Carpet Area900 sqft,Floor8 out of 12,"₹19,000"
174,"2 BHK Flat for Rent in Pimple Saudagar Gaon, Pune",FurnishingSemi-Furnished,Bathroom2,,AvailabilityImmediately,Carpet Area1250 sqft,Floor1 out of 1,"₹25,000"
175,"1 BHK Flat for Rent in Morwadi, Pune",FurnishingUnfurnished,Bathroom1,,AvailabilityImmediately,Carpet Area720 sqft,Floor3 out of 4,"₹12,000"
176,"3 BHK Flat for Rent in Balewadi, Pune",FurnishingUnfurnished,Bathroom3,,AvailabilityImmediately,Carpet Area1200 sqft,Floor4 out of 14,"₹42,000"
177,"1 BHK Flat for Rent in Bavdhan, Pune",FurnishingFurnished,Bathroom1,,AvailabilityImmediately,Carpet Area500 sqft,Floor7 out of 8,"₹25,000"
178,"3 BHK Flat for Rent in Lohegaon, Pune",FurnishingSemi-Furnished,Bathroom2,,AvailabilityImmediately,,Floor5 out of 12,"₹25,000"
179,"2 BHK Flat for Rent in Chakan, Pune",FurnishingUnfurnished,Bathroom2,,AvailabilityImmediately,,Floor12 out of 13,"₹12,000"
180,"1 BHK Flat for Rent in Chikali Road, Pune",FurnishingSemi-Furnished,Bathroom1,,AvailabilityImmediately,,Floor4 out of 5,"₹5,000"
181,"2 BHK Flat for Rent in Baner, Pune",FurnishingFurnished,Bathroom2,,AvailabilityImmediately,Carpet Area750 sqft,Floor8 out of 12,"₹32,000"
182,"1 BHK Flat for Rent in EON Free Zone, Kharadi, Pune",FurnishingUnfurnished,Bathroom1,,AvailabilityImmediately,Carpet Area447 sqft,Floor8 out of 22,"₹15,000"
183,"2 BHK Flat for Rent in Balewadi, Pune",FurnishingSemi-Furnished,Bathroom2,,AvailabilityImmediately,Carpet Area1100 sqft,Floor4 out of 16,"₹43,000"
184,"2 BHK Flat for Rent in Moshi, Pune",FurnishingUnfurnished,Bathroom1,,AvailabilityImmediately,,Floor2 out of 4,"₹13,000"
185,"2 BHK Flat for Rent in NIBM Annexe Area, Pune",FurnishingUnfurnished,Bathroom2,,AvailabilityImmediately,,Floor6 out of 13,"₹19,000"
186,"1 BHK Flat for Rent in Ravet, Pimpri Chinchwad, Pune",FurnishingUnfurnished,Bathroom1,,AvailabilityImmediately,Carpet Area430 sqft,Floor2 out of 20,"₹17,000"
187,"3 BHK Flat for Rent in Balewadi, Pune",FurnishingSemi-Furnished,Bathroom3,,AvailabilityImmediately,Carpet Area1560 sqft,Floor13 out of 17,"₹62,000"
188,"1 BHK Flat for Rent in Katraj, Pune",FurnishingUnfurnished,Bathroom2,,AvailabilityImmediately,Carpet Area600 sqft,Floor5 out of 10,"₹10,000"
189,"2 BHK Flat for Rent in Kothrud, Pune",FurnishingUnfurnished,Bathroom2,,AvailabilityImmediately,Carpet Area850 sqft,Floor3 out of 5,"₹23,000"
190,"4 BHK Flat for Rent in Baner, Pune",FurnishingUnfurnished,Bathroom4,,AvailabilityImmediately,Carpet Area2600 sqft,Floor5 out of 12,₹1.3 Lac
191,"2 BHK Flat for Rent in Viman Nagar, Pune",FurnishingSemi-Furnished,Bathroom2,,AvailabilityImmediately,Carpet Area800 sqft,Floor3 out of 7,"₹29,000"
192,"2 BHK Flat for Rent in Pimple Saudagar, Pimpri Chinchwad, Pune",FurnishingSemi-Furnished,Bathroom2,,AvailabilityFrom Mar '25,,Floor5 out of 8,"₹28,000"
193,"2 BHK Flat for Rent in Warje, Pune",FurnishingSemi-Furnished,Bathroom2,,AvailabilityImmediately,Carpet Area700 sqft,Floor2 out of 4,"₹23,000"
194,"1 BHK Flat for Rent in Varale Talegaon Dabhade, Pune",FurnishingUnfurnished,Bathroom1,,AvailabilityImmediately,,FloorGround out of 1,"₹6,000"
195,"2 BHK Flat for Rent in Wakad, Pune",FurnishingSemi-Furnished,Bathroom2,,AvailabilityFrom Mar '25,Carpet Area800 sqft,Floor9 out of 13,"₹34,000"
196,"2 BHK Flat for Rent in Magarpatta, Pune",FurnishingSemi-Furnished,Bathroom2,,AvailabilityImmediately,,Floor6 out of 6,"₹27,000"
197,"3 BHK Flat for Rent in Chakan, Pune",FurnishingUnfurnished,Bathroom2,,AvailabilityImmediately,,Floor5 out of 13,"₹12,000"
198,"3 BHK Flat for Rent in EON Free Zone, Kharadi, Pune",FurnishingUnfurnished,Bathroom5,,AvailabilityImmediately,Carpet Area2200 sqft,Floor10 out of 32,"₹90,000"
199,"1 BHK Flat for Rent in Khese Wasti, Lohegaon, Pune",FurnishingFurnished,Bathroom1,,AvailabilityImmediately,,Floor3 out of 7,"₹11,000"
200,"3 BHK Flat for Rent in Wadgaon BK, Pune",FurnishingUnfurnished,Bathroom3,,AvailabilityImmediately,Carpet Area1150 sqft,Floor5 out of 13,"₹23,000"
201,"2 BHK Flat for Rent in Karvenagar, Pune",FurnishingFurnished,Bathroom1,,AvailabilityImmediately,Carpet Area850 sqft,Floor6 out of 8,"₹39,000"
202,"1 BHK Flat for Rent in Hadapsar, Pune",FurnishingSemi-Furnished,Bathroom1,,AvailabilityImmediately,Carpet Area450 sqft,Floor4 out of 6,"₹13,000"
203,"2 BHK Flat for Rent in Kothrud, Pune",FurnishingSemi-Furnished,Bathroom2,,AvailabilityImmediately,Carpet Area800 sqft,Floor2 out of 4,"₹26,000"
204,"3 BHK Flat for Rent in Mundhwa, Pune",FurnishingUnfurnished,Bathroom3,,AvailabilityImmediately,Carpet Area1352 sqft,Floor2 out of 14,"₹55,000"
205,"3 BHK Flat for Rent in Magarpatta, Pune",FurnishingFurnished,Bathroom3,,AvailabilityImmediately,Carpet Area1250 sqft,Floor5 out of 11,"₹56,000"
206,"3 BHK Flat for Rent in Hinjawadi, Pune",FurnishingUnfurnished,Bathroom3,,AvailabilityImmediately,,Floor9 out of 21,"₹35,000"
207,"2 BHK Flat for Rent in Kharadi, Pune",FurnishingUnfurnished,Bathroom2,,AvailabilityImmediately,Carpet Area985 sqft,Floor11 out of 12,"₹43,000"
208,"2 BHK Flat for Rent in Hinjawadi, Pune",FurnishingUnfurnished,Bathroom2,,AvailabilityImmediately,Carpet Area721 sqft,Floor10 out of 22,"₹30,000"
209,"1 BHK Flat for Rent in Dhankawadi, Pune",FurnishingUnfurnished,Bathroom1,,AvailabilityImmediately,Carpet Area400 sqft,FloorGround out of 3,"₹5,000"
210,"1 BHK Flat for Rent in Pimple Nilakh, Pimpri Chinchwad, Pune",FurnishingUnfurnished,Bathroom1,,AvailabilityImmediately,Carpet Area440 sqft,Floor5 out of 11,"₹20,000"
211,"2 BHK Flat for Rent in Hinjawadi, Pune",FurnishingUnfurnished,Bathroom2,,AvailabilityImmediately,Carpet Area700 sqft,Floor8 out of 21,"₹27,000"
212,"2 BHK Flat for Rent in Porwal Road, Pune",FurnishingSemi-Furnished,Bathroom2,,AvailabilityImmediately,Carpet Area700 sqft,Floor3 out of 11,"₹16,000"
213,"2 BHK Flat for Rent in Baner, Pune",FurnishingFurnished,Bathroom2,,AvailabilityImmediately,Carpet Area800 sqft,Floor2 out of 5,"₹25,000"
214,"1 BHK Flat for Rent in Guru Nanak Nagar, Pune",FurnishingUnfurnished,Bathroom1,,AvailabilityImmediately,Carpet Area375 sqft,FloorGround out of 3,"₹12,000"
215,"4 BHK Flat for Rent in Magarpatta, Pune",FurnishingFurnished,Bathroom4,,AvailabilityImmediately,,Floor10 out of 20,₹1.5 Lac
216,"1 BHK Flat for Rent in Undri, Pune",FurnishingFurnished,Bathroom2,,AvailabilityImmediately,Carpet Area625 sqft,Floor1 out of 12,"₹14,500"
217,"1 BHK Flat for Rent in Hadapsar, Pune",FurnishingUnfurnished,Bathroom1,,AvailabilityImmediately,,Floor1 out of 3,"₹7,000"
218,"1 BHK Flat for Rent in Pisoli, Pune",FurnishingFurnished,Bathroom1,,AvailabilityImmediately,,Floor6 out of 12,"₹10,000"
219,"2 BHK Flat for Rent in Moshi, Pune",FurnishingFurnished,Bathroom2,,AvailabilityImmediately,,Floor5 out of 7,"₹17,000"
220,"2 BHK Flat for Rent in Himali Society, Erandwane, Pune",FurnishingSemi-Furnished,Bathroom2,,AvailabilityImmediately,Carpet Area980 sqft,Floor5 out of 6,"₹40,000"
221,"2 BHK Flat for Rent in Pimple Saudagar, Pimpri Chinchwad, Pune",FurnishingUnfurnished,Bathroom2,,AvailabilityImmediately,Carpet Area750 sqft,Floor5 out of 7,"₹26,000"
222,"1 BHK Flat for Rent in Amanora Park Town, Pune",FurnishingUnfurnished,Bathroom2,,AvailabilityImmediately,Carpet Area500 sqft,Floor10 out of 18,"₹25,000"
223,"2 BHK Flat for Rent in Hinjawadi, Pune",FurnishingUnfurnished,Bathroom2,,AvailabilityImmediately,Carpet Area830 sqft,Floor7 out of 22,"₹23,000"
224,"2 BHK Flat for Rent in Baner, Pune",FurnishingUnfurnished,Bathroom2,,AvailabilityImmediately,Carpet Area800 sqft,Floor6 out of 10,"₹28,000"
225,"1 BHK Flat for Rent in Viman Nagar, Pune",FurnishingFurnished,Bathroom1,,AvailabilityImmediately,Carpet Area500 sqft,Floor1 out of 5,"₹18,000"
226,"2 BHK Flat for Rent in Hinjawadi, Pune",FurnishingUnfurnished,Bathroom2,,AvailabilityImmediately,Carpet Area730 sqft,Floor11 out of 22,"₹19,000"
227,"2 BHK Flat for Rent in Wakad, Pune",FurnishingUnfurnished,Bathroom2,,AvailabilityImmediately,Carpet Area760 sqft,Floor3 out of 10,"₹28,000"
228,"1 BHK Flat for Rent in Mahalunge, Pune",FurnishingUnfurnished,Bathroom1,,AvailabilityImmediately,Carpet Area750 sqft,Floor13 out of 23,"₹20,000"
229,"1 BHK Flat for Rent in Sainath Nagar Wadgaon Sheri, Pune",FurnishingUnfurnished,Bathroom2,,AvailabilityImmediately,Carpet Area500 sqft,Floor3 out of 4,"₹16,000"
230,"4 BHK Flat for Rent in Wagholi, Pune",FurnishingFurnished,Bathroom4,,AvailabilityImmediately,Carpet Area1600 sqft,Floor6 out of 12,"₹44,000"
231,"2 BHK Flat for Rent in Hinjawadi, Pune",FurnishingUnfurnished,Bathroom2,,AvailabilityImmediately,Carpet Area700 sqft,Floor7 out of 22,"₹21,000"
232,"1 BHK Flat for Rent in Punawale, Pimpri Chinchwad, Pune",FurnishingUnfurnished,Bathroom1,,AvailabilityImmediately,,Floor10 out of 12,"₹15,000"
233,"3 BHK Flat for Rent in Baner Gaon, Baner, Pune",FurnishingUnfurnished,Bathroom4,,AvailabilityImmediately,Carpet Area1800 sqft,Floor4 out of 20,"₹70,000"
234,"Studio Apartment for Rent in Pashan, Pune",FurnishingSemi-Furnished,Bathroom1,,AvailabilityImmediately,Carpet Area370 sqft,Floor2 out of 4,"₹16,000"
235,"2 BHK Flat for Rent in Dhanori, Pune",FurnishingFurnished,Bathroom2,,AvailabilityImmediately,Carpet Area750 sqft,Floor4 out of 10,"₹25,000"
236,"3 BHK Flat for Rent in Sus, Pune",FurnishingSemi-Furnished,Bathroom2,,AvailabilityImmediately,,Floor9 out of 12,"₹45,000"
237,"3 BHK Flat for Rent in Balewadi, Pune",FurnishingUnfurnished,Bathroom3,,AvailabilityImmediately,Carpet Area1400 sqft,Floor8 out of 21,"₹75,000"
238,"2 BHK Flat for Rent in Wagholi, Pune",FurnishingFurnished,Bathroom2,,AvailabilityImmediately,,Floor12 out of 12,"₹30,000"
239,"3 BHK Flat for Rent in Manjri, Manjri Budruk, Pune",FurnishingUnfurnished,Bathroom3,,AvailabilityImmediately,Carpet Area890 sqft,Floor12 out of 22,"₹25,000"
240,"3 BHK Flat for Rent in Kaspate Wasti, Pune",FurnishingFurnished,Bathroom3,,AvailabilityImmediately,Carpet Area1300 sqft,Floor3 out of 6,"₹40,000"
241,"2 BHK Flat for Rent in Wagholi, Pune",FurnishingUnfurnished,Bathroom2,,AvailabilityImmediately,Carpet Area760 sqft,Floor6 out of 12,"₹23,000"
242,"2 BHK Flat for Rent in Salunkhe Vihar Society, Pune",FurnishingFurnished,Bathroom2,,AvailabilityFrom Mar '25,Carpet Area1150 sqft,Floor4 out of 5,"₹30,000"
243,"3 BHK Flat for Rent in Keshav Nagar Mundhwa, Pune",FurnishingSemi-Furnished,Bathroom3,,AvailabilityImmediately,,Floor1 out of 5,"₹20,000"
244,"2 BHK Flat for Rent in Shirgaon, Pune",FurnishingUnfurnished,Bathroom2,,AvailabilityImmediately,,Floor5 out of 11,"₹12,000"
245,"2 BHK Flat for Rent in Patil Nagar Balewadi, Pune",FurnishingUnfurnished,Bathroom2,,AvailabilityImmediately,Carpet Area866 sqft,Floor7 out of 11,"₹25,000"
246,"1 BHK Flat for Rent in Sade Satra Nali, Hadapsar, Pune",FurnishingSemi-Furnished,Bathroom1,,AvailabilityImmediately,,FloorGround out of 3,"₹6,000"
247,"4 BHK Flat for Rent in EON Free Zone, Kharadi, Pune",FurnishingSemi-Furnished,Bathroom4,,AvailabilityImmediately,Carpet Area3800 sqft,Floor7 out of 14,₹1.2 Lac
248,"3 BHK Flat for Rent in Kalyani Nagar, Pune",FurnishingFurnished,Bathroom3,,AvailabilityImmediately,Carpet Area1400 sqft,Floor8 out of 10,"₹66,000"
249,"4 BHK Flat for Rent in Baner, Pune",FurnishingFurnished,Bathroom4,,AvailabilityImmediately,Carpet Area2200 sqft,Floor14 out of 16,"₹90,000"
250,"2 BHK Flat for Rent in Talegaon Dabhade, Pune",FurnishingUnfurnished,Bathroom2,,AvailabilityImmediately,,Floor5 out of 11,"₹7,500"
251,"4 BHK Flat for Rent in Baner, Pune",FurnishingUnfurnished,Bathroom5,,AvailabilityImmediately,Carpet Area3399 sqft,Floor15 out of 18,₹4.1 Lac
252,"Studio Apartment for Rent in Chakan, Pune",FurnishingUnfurnished,Bathroom1,,AvailabilityImmediately,,Floor1 out of 4,"₹4,500"
253,"2 BHK Flat for Rent in Dhanori, Pune",FurnishingFurnished,Bathroom2,,AvailabilityImmediately,,Floor3 out of 15,"₹40,000"
254,"1 BHK Flat for Rent in Manjari BK, Pune",FurnishingUnfurnished,Bathroom1,,AvailabilityImmediately,,Floor3 out of 5,"₹6,000"
255,"3 BHK Flat for Rent in Hinjawadi, Pune",FurnishingUnfurnished,Bathroom2,,AvailabilityImmediately,Carpet Area1100 sqft,Floor6 out of 22,"₹30,000"
256,"2 BHK Flat for Rent in Viman Nagar, Pune",FurnishingFurnished,Bathroom2,,AvailabilityImmediately,Carpet Area980 sqft,Floor1 out of 7,"₹55,000"
257,"1 BHK Flat for Rent in Dhanori Road, Pune",FurnishingUnfurnished,Bathroom1,,AvailabilityImmediately,Carpet Area490 sqft,FloorGround out of 3,"₹14,000"
258,"4 BHK Flat for Rent in NIBM Road, Pune",FurnishingSemi-Furnished,Bathroom5,,AvailabilityImmediately,Carpet Area2900 sqft,Floor5 out of 11,₹1.3 Lac
259,"3 BHK Flat for Rent in Hills and Dales, Pune",FurnishingSemi-Furnished,Bathroom3,,AvailabilityImmediately,Carpet Area1250 sqft,Floor10 out of 12,"₹35,000"
260,"2 BHK Flat for Rent in Punawale Road, Pune",FurnishingSemi-Furnished,Bathroom2,,AvailabilityImmediately,Carpet Area740 sqft,Floor7 out of 14,"₹26,000"
261,"4 BHK Flat for Rent in Kharadi, Pune",FurnishingFurnished,Bathroom6,,AvailabilityImmediately,Carpet Area2200 sqft,Floor17 out of 32,₹1.8 Lac
262,"Studio Apartment for Rent in Kalyani Nagar, Pune",FurnishingFurnished,Bathroom1,,AvailabilityImmediately,Carpet Area195 sqft,Floor11 out of 14,"₹20,000"
263,"2 BHK Flat for Rent in Hinjawadi Village, Pune",FurnishingFurnished,Bathroom2,,AvailabilityImmediately,Carpet Area800 sqft,Floor5 out of 13,"₹32,000"
264,"Apartment for Rent in Kharadi, Pune",,,,AvailabilityImmediately,,,Call for Price
265,"1 BHK Flat for Rent in Fatima Nagar Wanowrie, Pune",FurnishingUnfurnished,Bathroom1,,AvailabilityImmediately,,Floor3 out of 4,"₹14,500"
266,"2 BHK Flat for Rent in Ideal Colony, Kothrud, Pune",FurnishingUnfurnished,Bathroom2,,AvailabilityImmediately,Carpet Area900 sqft,Floor3 out of 8,"₹37,000"
267,"2 BHK Flat for Rent in EON Free Zone, Kharadi, Pune",FurnishingFurnished,Bathroom2,,AvailabilityImmediately,Carpet Area860 sqft,Floor5 out of 11,"₹40,000"
268,"3 BHK Flat for Rent in Shivajinagar, Pune",FurnishingSemi-Furnished,Bathroom3,,AvailabilityImmediately,Carpet Area1400 sqft,Floor2 out of 7,"₹75,000"
269,"1 BHK Flat for Rent in Bavdhan, Pune",FurnishingSemi-Furnished,Bathroom1,,AvailabilityImmediately,Carpet Area580 sqft,Floor7 out of 8,"₹25,000"
270,"1 BHK Flat for Rent in Wakad, Pune",FurnishingSemi-Furnished,Bathroom2,,AvailabilityImmediately,Carpet Area500 sqft,Floor4 out of 11,"₹22,000"
271,"1 BHK Flat for Rent in Wagholi, Pune",FurnishingFurnished,Bathroom1,,AvailabilityImmediately,Carpet Area584 sqft,Floor4 out of 10,"₹18,000"
272,"2 BHK Flat for Rent in Hinjawadi, Pune",FurnishingUnfurnished,Bathroom2,,AvailabilityImmediately,Carpet Area630 sqft,Floor10 out of 22,"₹20,000"
273,"2 BHK Flat for Rent in Pimple Saudagar, Pimpri Chinchwad, Pune",FurnishingFurnished,Bathroom2,,AvailabilityImmediately,Carpet Area760 sqft,Floor7 out of 8,"₹30,000"
274,"2 BHK Flat for Rent in Balewadi, Pune",FurnishingUnfurnished,Bathroom2,,AvailabilityImmediately,Carpet Area1150 sqft,Floor10 out of 12,"₹35,000"
275,"1 BHK Flat for Rent in Gokhalenagar, Pune",FurnishingSemi-Furnished,Bathroom1,,AvailabilityImmediately,Carpet Area560 sqft,Floor2 out of 3,"₹20,000"
276,"3 BHK Flat for Rent in Charholi BK, Pune",FurnishingSemi-Furnished,Bathroom3,,AvailabilityImmediately,Carpet Area1494 sqft,Floor7 out of 12,"₹36,000"
277,"1 BHK Flat for Rent in Fursungi, Pune",FurnishingFurnished,Bathroom1,,AvailabilityImmediately,Carpet Area450 sqft,Floor9 out of 12,"₹15,000"
278,"3 BHK Flat for Rent in Sun City, Anand Nagar, Pune",FurnishingSemi-Furnished,Bathroom3,,AvailabilityImmediately,Carpet Area1200 sqft,Floor1 out of 13,"₹32,000"
279,"2 BHK Flat for Rent in Vishnu Dev Nagar Wakad, Pune",FurnishingSemi-Furnished,Bathroom2,,AvailabilityImmediately,Carpet Area800 sqft,Floor1 out of 7,"₹25,500"
280,1 BHK Flat for Rent in Pune,FurnishingSemi-Furnished,Bathroom1,,AvailabilityImmediately,Carpet Area650 sqft,Floor4 out of 4,"₹5,000"
281,"2 BHK Flat for Rent in Phase 3 Hinjewadi Rajiv Gandhi Infotech Park, Pune",FurnishingFurnished,Bathroom2,,AvailabilityImmediately,,Floor12 out of 14,"₹30,000"
282,"3 BHK Flat for Rent in Chikhali Pimpri Chinchwad, Pune",FurnishingUnfurnished,Bathroom2,,AvailabilityImmediately,Carpet Area930 sqft,Floor5 out of 14,"₹22,000"
283,"2 BHK Flat for Rent in Baner, Pune",FurnishingUnfurnished,Bathroom2,,AvailabilityImmediately,Carpet Area610 sqft,Floor7 out of 16,"₹28,000"
284,"1 BHK Flat for Rent in Wagholi, Pune",FurnishingUnfurnished,Bathroom1,,AvailabilityImmediately,,Floor1 out of 4,"₹18,000"
285,"2 BHK Flat for Rent in Shankar Kalat Nagar, Pune",FurnishingSemi-Furnished,Bathroom2,,AvailabilityImmediately,Carpet Area850 sqft,Floor4 out of 12,"₹26,000"
286,"2 BHK Flat for Rent in Moshi, Pune",FurnishingUnfurnished,Bathroom2,,AvailabilityImmediately,,Floor5 out of 11,"₹20,000"
287,"2 BHK Flat for Rent in Rakshak Nagar, Kharadi, Pune",FurnishingUnfurnished,Bathroom2,,AvailabilityImmediately,Carpet Area1250 sqft,Floor9 out of 20,"₹35,000"
288,"1 BHK Flat for Rent in Gahunje, Pune",FurnishingSemi-Furnished,Bathroom1,,AvailabilityImmediately,Carpet Area510 sqft,Floor16 out of 23,"₹31,000"
289,"2 BHK Flat for Rent in Sun City, Anand Nagar, Pune",FurnishingFurnished,Bathroom2,,AvailabilityImmediately,Carpet Area950 sqft,Floor4 out of 11,"₹32,000"
290,"2 BHK Flat for Rent in Amanora Park Town, Pune",FurnishingUnfurnished,Bathroom2,,AvailabilityImmediately,Carpet Area750 sqft,Floor7 out of 22,"₹36,055"
291,"4 BHK Flat for Rent in Koregaon Park, Pune",FurnishingUnfurnished,Bathroom6,,AvailabilityImmediately,Carpet Area3000 sqft,Floor12 out of 22,₹3.3 Lac
292,"2 BHK Flat for Rent in Maan, Pune",FurnishingSemi-Furnished,Bathroom2,,AvailabilityImmediately,Carpet Area720 sqft,Floor18 out of 22,"₹30,000"
293,"2 BHK Flat for Rent in Wakad, Pune",FurnishingSemi-Furnished,Bathroom2,,AvailabilityImmediately,Carpet Area850 sqft,Floor6 out of 11,"₹35,000"
294,"2 BHK Flat for Rent in Amanora Park Town, Pune",FurnishingUnfurnished,Bathroom2,,AvailabilityImmediately,Carpet Area725 sqft,,"₹34,999"
295,"2 BHK Flat for Rent in Ravet, Pimpri Chinchwad, Pune",FurnishingUnfurnished,Bathroom2,,AvailabilityImmediately,Carpet Area750 sqft,Floor5 out of 18,"₹23,500"
296,"1 BHK Flat for Rent in Wadgaon Sheri, Pune",FurnishingUnfurnished,Bathroom2,,AvailabilityImmediately,Carpet Area600 sqft,Floor2 out of 8,"₹18,000"
297,"3 BHK Flat for Rent in Magarpatta, Pune",FurnishingUnfurnished,Bathroom3,,AvailabilityImmediately,Carpet Area1450 sqft,Floor4 out of 11,"₹45,000"
298,"1 BHK Flat for Rent in Keshav Nagar Mundhwa, Pune",FurnishingUnfurnished,Bathroom2,,AvailabilityImmediately,Carpet Area500 sqft,Floor1 out of 5,"₹11,000"
299,"2 BHK Flat for Rent in Talegaon Dabhade, Pune",FurnishingUnfurnished,Bathroom2,,AvailabilityImmediately,Carpet Area736 sqft,Floor4 out of 12,"₹21,000"
300,"2 BHK Flat for Rent in Ambegaon, Pune",FurnishingSemi-Furnished,Bathroom2,,AvailabilityImmediately,Carpet Area750 sqft,Floor4 out of 7,"₹20,000"
301,"1 BHK Flat for Rent in Yewalewadi, Katraj, Pune",FurnishingUnfurnished,Bathroom1,,AvailabilityImmediately,Carpet Area500 sqft,Floor3 out of 10,"₹10,000"
302,"2 BHK Flat for Rent in Mahalunge, Pune",FurnishingSemi-Furnished,Bathroom2,,AvailabilityImmediately,Carpet Area700 sqft,Floor15 out of 23,"₹27,500"
303,"2 BHK Flat for Rent in Kondhwa, Pune",FurnishingUnfurnished,Bathroom2,,AvailabilityImmediately,Carpet Area750 sqft,Floor7 out of 11,"₹18,000"
304,"3 BHK Flat for Rent in Undri, Pune",FurnishingSemi-Furnished,Bathroom3,,AvailabilityImmediately,,Floor6 out of 11,"₹20,000"
305,"2 BHK Flat for Rent in Mahalunge, Pune",FurnishingUnfurnished,Bathroom2,,AvailabilityImmediately,,Floor7 out of 25,"₹30,000"
306,"2 BHK Flat for Rent in Wakad, Pune",FurnishingSemi-Furnished,Bathroom2,,AvailabilityImmediately,,Floor2 out of 11,"₹28,000"
307,"2 BHK Flat for Rent in Undri, Pune",FurnishingUnfurnished,Bathroom2,,AvailabilityImmediately,,Floor6 out of 11,"₹17,000"
308,"1 BHK Flat for Rent in Charholi BK, Pune",FurnishingUnfurnished,Bathroom1,,AvailabilityImmediately,Carpet Area464 sqft,Floor1 out of 14,"₹10,500"
309,"3 BHK Flat for Rent in Camp, Pune",FurnishingSemi-Furnished,Bathroom3,,AvailabilityImmediately,Carpet Area900 sqft,Floor6 out of 6,"₹40,000"
310,"2 BHK Flat for Rent in Katraj, Pune",FurnishingUnfurnished,Bathroom2,,AvailabilityImmediately,Carpet Area600 sqft,Floor5 out of 11,"₹11,500"
311,"1 BHK Flat for Rent in Shankar Kalat Nagar, Pune",FurnishingSemi-Furnished,Bathroom1,,AvailabilityImmediately,Carpet Area500 sqft,Floor2 out of 12,"₹18,000"
312,"3 BHK Flat for Rent in Kalyani Nagar, Pune",FurnishingFurnished,Bathroom3,,AvailabilityImmediately,,Floor2 out of 11,₹1.4 Lac
313,"1 BHK Flat for Rent in Garmal, Dhayari, Pune",FurnishingUnfurnished,Bathroom1,,AvailabilityImmediately,Carpet Area560 sqft,Floor8 out of 11,"₹12,000"
314,"2 BHK Flat for Rent in Akurdi, Pune",FurnishingSemi-Furnished,Bathroom2,,AvailabilityImmediately,Carpet Area800 sqft,Floor5 out of 13,"₹23,000"
315,"1 BHK Flat for Rent in Dhanori, Pune",FurnishingSemi-Furnished,Bathroom1,,AvailabilityImmediately,,Floor1 out of 5,"₹12,000"
316,"2 BHK Flat for Rent in Kesnand, Pune",FurnishingFurnished,Bathroom2,,AvailabilityImmediately,,Floor1 out of 11,"₹20,000"
317,"3 BHK Flat for Rent in Hinjawadi, Pune",FurnishingUnfurnished,Bathroom2,,AvailabilityImmediately,Carpet Area900 sqft,Floor5 out of 21,"₹25,000"
318,"3 BHK Flat for Rent in EON Free Zone, Kharadi, Pune",FurnishingSemi-Furnished,Bathroom3,,AvailabilityImmediately,Carpet Area1550 sqft,Floor9 out of 15,"₹58,000"
319,"3 BHK Flat for Rent in Magarpatta, Pune",FurnishingSemi-Furnished,Bathroom3,,AvailabilityImmediately,Carpet Area1250 sqft,Floor4 out of 12,"₹46,000"
320,"2 BHK Flat for Rent in Chinchwad, Pimpri Chinchwad, Pune",FurnishingUnfurnished,Bathroom2,,AvailabilityFrom Mar '25,Carpet Area750 sqft,Floor3 out of 7,"₹20,000"
321,"4 BHK Flat for Rent in EON Free Zone, Kharadi, Pune",FurnishingSemi-Furnished,Bathroom4,,AvailabilityImmediately,Carpet Area2550 sqft,Floor7 out of 10,"₹90,000"
322,"3 BHK Flat for Rent in Viman Nagar, Pune",FurnishingFurnished,Bathroom3,,AvailabilityImmediately,Carpet Area1560 sqft,Floor4 out of 8,"₹75,000"
323,"3 BHK Flat for Rent in Balkrishna Sakharam Dhole Patil Road, Pune",FurnishingUnfurnished,Bathroom3,,AvailabilityImmediately,Carpet Area1080 sqft,Floor9 out of 16,"₹42,000"
324,"2 BHK Flat for Rent in Viman Nagar, Pune",FurnishingUnfurnished,Bathroom2,,AvailabilityImmediately,Carpet Area814 sqft,Floor3 out of 6,"₹45,000"
325,"2 BHK Flat for Rent in Hinjawadi, Pune",FurnishingUnfurnished,Bathroom2,,AvailabilityImmediately,,Floor12 out of 17,"₹42,000"
326,"2 BHK Flat for Rent in Punawale, Pimpri Chinchwad, Pune",FurnishingSemi-Furnished,Bathroom2,,AvailabilityImmediately,Carpet Area770 sqft,Floor19 out of 27,"₹22,000"
327,"2 BHK Flat for Rent in Wagholi, Pune",FurnishingSemi-Furnished,Bathroom2,,AvailabilityImmediately,,Floor3 out of 7,"₹22,000"
328,"2 BHK Flat for Rent in Wagholi, Pune",FurnishingUnfurnished,Bathroom2,,AvailabilityImmediately,Carpet Area830 sqft,Floor7 out of 12,"₹23,500"
329,"2 BHK Flat for Rent in Wagholi, Pune",FurnishingUnfurnished,Bathroom2,,AvailabilityImmediately,Carpet Area830 sqft,Floor6 out of 12,"₹23,500"
330,"2 BHK Flat for Rent in Lohegaon, Pune",FurnishingUnfurnished,Bathroom2,,AvailabilityImmediately,,Floor7 out of 11,"₹20,000"
331,"2 BHK Flat for Rent in Amanora Park Town, Pune",FurnishingUnfurnished,Bathroom2,,AvailabilityImmediately,Carpet Area54 sqm,Floor23 out of 32,"₹34,000"
332,"2 BHK Flat for Rent in Hadapsar, Pune",FurnishingUnfurnished,Bathroom2,,AvailabilityImmediately,Carpet Area1000 sqft,Floor8 out of 10,"₹33,000"
333,"2 BHK Flat for Rent in Hinjawadi, Pune",FurnishingSemi-Furnished,Bathroom2,,AvailabilityImmediately,,Floor7 out of 11,"₹25,000"
334,"2 BHK Flat for Rent in Wakad, Pune",FurnishingSemi-Furnished,Bathroom2,,AvailabilityImmediately,Carpet Area900 sqft,Floor8 out of 12,"₹26,000"
335,"2 BHK Flat for Rent in Dhanori, Pune",FurnishingUnfurnished,Bathroom2,,AvailabilityImmediately,,Floor7 out of 7,"₹28,000"
336,"1 BHK Flat for Rent in Undri, Pune",FurnishingSemi-Furnished,Bathroom2,,AvailabilityImmediately,Carpet Area495 sqft,Floor8 out of 14,"₹12,000"
337,"1 BHK Flat for Rent in Katraj, Pune",FurnishingUnfurnished,Bathroom1,,AvailabilityImmediately,Carpet Area425 sqft,Floor3 out of 5,"₹9,000"
338,"3 BHK Flat for Rent in Kharadi, Pune",FurnishingFurnished,Bathroom3,,AvailabilityImmediately,,Floor4 out of 8,"₹65,000"
339,"3 BHK Flat for Rent in NIBM Road, Pune",FurnishingUnfurnished,Bathroom3,,AvailabilityImmediately,Carpet Area1250 sqft,Floor11 out of 14,"₹35,000"
340,"2 BHK Flat for Rent in Bavdhan, Pune",FurnishingUnfurnished,Bathroom2,,AvailabilityImmediately,Carpet Area766 sqft,Floor7 out of 11,"₹22,000"
341,"2 BHK Flat for Rent in Tathawade Pimpri Chinchwad, Pune",FurnishingUnfurnished,Bathroom2,,AvailabilityImmediately,,Floor1 out of 6,"₹26,000"
342,"1 BHK Flat for Rent in Kalyani Nagar, Pune",FurnishingSemi-Furnished,Bathroom1,,AvailabilityImmediately,,Floor8 out of 9,"₹10,000"
343,"3 BHK Flat for Rent in Baner, Pune",FurnishingFurnished,Bathroom3,,AvailabilityImmediately,Carpet Area1650 sqft,Floor2 out of 16,"₹80,000"
344,"2 BHK Flat for Rent in Phase 3 Hinjewadi Rajiv Gandhi Infotech Park, Pune",FurnishingUnfurnished,Bathroom2,,AvailabilityImmediately,,Floor14 out of 20,"₹27,400"
345,"3 BHK Flat for Rent in Kharadi, Pune",FurnishingFurnished,Bathroom4,,AvailabilityImmediately,Carpet Area2000 sqft,Floor4 out of 9,"₹93,000"
346,"2 BHK Flat for Rent in Wagholi, Pune",FurnishingUnfurnished,Bathroom2,,AvailabilityImmediately,,Floor4 out of 7,"₹30,000"
347,"1 BHK Flat for Rent in Punawale, Pimpri Chinchwad, Pune",FurnishingUnfurnished,Bathroom1,,AvailabilityImmediately,,Floor7 out of 14,"₹16,500"
348,"2 BHK Flat for Rent in Undri, Pune",FurnishingUnfurnished,Bathroom2,,AvailabilityImmediately,Carpet Area1150 sqft,Floor8 out of 12,"₹19,000"
349,"3 BHK Flat for Rent in Bhoslenagar Ashok Nagar, Pune",FurnishingUnfurnished,Bathroom3,,AvailabilityImmediately,Carpet Area1400 sqft,Floor6 out of 10,"₹60,000"
350,"1 BHK Flat for Rent in Bharati Vidyapeeth Campus, Pune",FurnishingUnfurnished,Bathroom1,,AvailabilityImmediately,,Floor3 out of 4,"₹8,000"
351,"1 BHK Flat for Rent in Keshav Nagar Mundhwa, Pune",FurnishingUnfurnished,Bathroom1,,AvailabilityImmediately,,Floor4 out of 5,"₹12,500"
352,"3 BHK Flat for Rent in Boat Club Road, Pune",FurnishingFurnished,Bathroom4,,AvailabilityImmediately,Carpet Area1650 sqft,Floor2 out of 6,"₹85,000"
353,"2 BHK Flat for Rent in Magarpatta, Pune",FurnishingUnfurnished,Bathroom2,,AvailabilityImmediately,Carpet Area1000 sqft,Floor5 out of 9,"₹33,000"
354,"2 BHK Flat for Rent in Dhanori, Pune",FurnishingUnfurnished,Bathroom2,,AvailabilityImmediately,Carpet Area780 sqft,Floor9 out of 12,"₹23,000"
355,"1 BHK Flat for Rent in Kalyani Nagar, Pune",FurnishingUnfurnished,Bathroom1,,AvailabilityImmediately,Carpet Area590 sqft,Floor5 out of 11,"₹30,000"
356,"2 BHK Flat for Rent in Sasane Nagar, Hadapsar, Pune",FurnishingFurnished,Bathroom2,,AvailabilityImmediately,Carpet Area750 sqft,Floor2 out of 7,"₹19,000"
357,"2 BHK Flat for Rent in Thite Nagar, Kharadi, Pune",FurnishingSemi-Furnished,Bathroom2,,AvailabilityImmediately,Carpet Area817 sqft,Floor3 out of 25,"₹41,000"
358,"2 BHK Flat for Rent in Aundh, Pune",FurnishingFurnished,Bathroom2,,AvailabilityImmediately,Carpet Area1200 sqft,Floor6 out of 6,"₹35,000"
359,"2 BHK Flat for Rent in Amanora Park Town, Pune",FurnishingSemi-Furnished,Bathroom2,,AvailabilityImmediately,Carpet Area807 sqft,Floor3 out of 9,"₹28,000"
360,"2 BHK Flat for Rent in Kharadi, Pune",FurnishingSemi-Furnished,Bathroom2,,AvailabilityImmediately,Carpet Area800 sqft,Floor3 out of 7,"₹29,000"
361,"2 BHK Flat for Rent in Aundh, Pune",FurnishingFurnished,Bathroom2,,AvailabilityImmediately,Carpet Area950 sqft,Floor3 out of 7,"₹35,000"
362,"2 BHK Flat for Rent in Hinjawadi, Pune",FurnishingSemi-Furnished,Bathroom2,,AvailabilityImmediately,,Floor4 out of 18,"₹22,800"
363,"2 BHK Flat for Rent in Hinjawadi, Pune",FurnishingSemi-Furnished,Bathroom2,,AvailabilityImmediately,Carpet Area698 sqft,Floor10 out of 22,"₹23,000"
364,"3 BHK Flat for Rent in Bavdhan, Pune",FurnishingUnfurnished,Bathroom3,,AvailabilityImmediately,Carpet Area1250 sqft,Floor9 out of 15,"₹42,000"
365,"3 BHK Flat for Rent in Mahalunge, Pune",FurnishingUnfurnished,Bathroom3,,AvailabilityImmediately,Carpet Area1200 sqft,Floor10 out of 22,"₹36,000"
366,1 BHK Flat for Rent in Pune,FurnishingUnfurnished,Bathroom1,,AvailabilityImmediately,Carpet Area600 sqft,FloorGround out of 5,"₹12,000"
367,"2 BHK Flat for Rent in Hadapsar, Pune",FurnishingFurnished,Bathroom2,,AvailabilityImmediately,,Floor3 out of 19,"₹50,000"
368,"2 BHK Flat for Rent in Hinjawadi, Pune",FurnishingUnfurnished,Bathroom2,,AvailabilityImmediately,Carpet Area830 sqft,Floor15 out of 22,"₹20,000"
369,"2 BHK Flat for Rent in Mundhwa, Pune",FurnishingSemi-Furnished,Bathroom2,,AvailabilityImmediately,,Floor6 out of 13,"₹28,000"
370,"4 BHK Flat for Rent in Ravet, Pimpri Chinchwad, Pune",FurnishingFurnished,Bathroom4,,AvailabilityImmediately,Carpet Area1100 sqft,Floor9 out of 18,"₹55,000"
371,"3 BHK Flat for Rent in Punawale, Pimpri Chinchwad, Pune",FurnishingUnfurnished,Bathroom2,,AvailabilityImmediately,Carpet Area750 sqft,Floor21 out of 21,"₹29,000"
372,"3 BHK Flat for Rent in Aundh, Pune",FurnishingSemi-Furnished,Bathroom3,,AvailabilityImmediately,,Floor3 out of 5,"₹40,000"
373,"2 BHK Flat for Rent in Kalyani Nagar, Pune",FurnishingUnfurnished,Bathroom2,,AvailabilityImmediately,,Floor7 out of 11,"₹38,000"
374,"2 BHK Flat for Rent in Magarpatta, Pune",FurnishingUnfurnished,Bathroom2,,AvailabilityImmediately,Carpet Area762 sqft,Floor3 out of 11,"₹30,000"
375,"Studio Apartment for Rent in Anjani Nagar, Pune",FurnishingUnfurnished,Bathroom1,,AvailabilityImmediately,,FloorGround out of 2,Call for Price
376,"2 BHK Flat for Rent in Sai Sagar Nagar, Pune",FurnishingSemi-Furnished,Bathroom2,,AvailabilityImmediately,Carpet Area758 sqft,FloorLower Basement out of 11,"₹21,000"
377,"2 BHK Flat for Rent in Wakad, Pune",FurnishingUnfurnished,Bathroom2,,AvailabilityImmediately,Carpet Area727 sqft,Floor14 out of 14,"₹25,000"
378,"2 BHK Flat for Rent in New Kalyani Nagar, Pune",FurnishingUnfurnished,Bathroom2,,AvailabilityImmediately,Carpet Area765 sqft,Floor11 out of 29,"₹36,000"
379,"1 BHK Flat for Rent in Hinjewadi Rajiv Gandhi Infotech Park, Hinjawadi, Pune",FurnishingUnfurnished,Bathroom1,,AvailabilityImmediately,Carpet Area480 sqft,Floor2 out of 4,"₹12,000"
380,"1 BHK Flat for Rent in Magarpatta, Pune",FurnishingFurnished,Bathroom1,,AvailabilityImmediately,Carpet Area550 sqft,Floor4 out of 6,"₹25,000"
381,"4 BHK Flat for Rent in Aundh, Pune",FurnishingSemi-Furnished,Bathroom4,,AvailabilityImmediately,Carpet Area3600 sqft,Floor8 out of 9,₹1.3 Lac
382,"3 BHK Flat for Rent in Kharadi, Pune",FurnishingUnfurnished,Bathroom2,,AvailabilityImmediately,,Floor8 out of 23,"₹30,000"
383,"2 BHK Flat for Rent in Pimple Saudagar, Pimpri Chinchwad, Pune",FurnishingUnfurnished,Bathroom2,,AvailabilityImmediately,Carpet Area840 sqft,Floor2 out of 8,"₹28,000"
384,"3 BHK Flat for Rent in New Kalyani Nagar, Pune",FurnishingUnfurnished,Bathroom3,,AvailabilityImmediately,,Floor8 out of 16,"₹50,000"
385,"2 BHK Flat for Rent in Hinjawadi, Pune",FurnishingUnfurnished,Bathroom2,,AvailabilityImmediately,Carpet Area705 sqft,Floor10 out of 22,"₹21,000"
386,"3 BHK Flat for Rent in Lohegaon, Pune",FurnishingSemi-Furnished,Bathroom3,,AvailabilityImmediately,,Floor3 out of 4,"₹18,000"
387,"2 BHK Flat for Rent in Baner, Pune",FurnishingFurnished,Bathroom2,,AvailabilityImmediately,Carpet Area960 sqft,Floor11 out of 16,"₹44,000"
388,"2 BHK Flat for Rent in Karvenagar, Pune",FurnishingUnfurnished,Bathroom2,,AvailabilityImmediately,,Floor1 out of 4,"₹21,500"
389,"2 BHK Flat for Rent in Hadapsar, Pune",FurnishingUnfurnished,Bathroom2,,AvailabilityImmediately,Carpet Area1000 sqft,Floor1 out of 6,"₹17,000"
390,"2 BHK Flat for Rent in Kharadi, Pune",FurnishingUnfurnished,Bathroom2,,AvailabilityImmediately,Carpet Area800 sqft,Floor4 out of 6,"₹27,000"
391,"3 BHK Flat for Rent in Koregaon Park, Pune",FurnishingSemi-Furnished,Bathroom3,,AvailabilityImmediately,Carpet Area2000 sqft,FloorGround out of 4,"₹75,000"
392,"3 BHK Flat for Rent in Mohamadwadi Settlement, Pune",FurnishingFurnished,Bathroom3,,AvailabilityImmediately,Carpet Area1300 sqft,Floor11 out of 15,"₹60,000"
393,"1 BHK Flat for Rent in Pashan, Pune",FurnishingFurnished,Bathroom2,,AvailabilityImmediately,Carpet Area450 sqft,Floor7 out of 19,"₹25,000"
394,"2 BHK Flat for Rent in Kharadi, Pune",FurnishingUnfurnished,Bathroom2,,AvailabilityImmediately,Carpet Area954 sqft,Floor10 out of 22,"₹45,000"
395,"1 BHK Flat for Rent in Donaje, Pune",FurnishingUnfurnished,Bathroom1,,AvailabilityImmediately,,Floor3 out of 7,"₹7,000"
396,"2 BHK Flat for Rent in Viman Nagar, Pune",FurnishingSemi-Furnished,Bathroom2,,AvailabilityImmediately,Carpet Area765 sqft,Floor2 out of 2,"₹35,000"
397,"2 BHK Flat for Rent in Kalyani Nagar, Pune",FurnishingSemi-Furnished,Bathroom2,,AvailabilityImmediately,Carpet Area810 sqft,Floor7 out of 12,"₹38,000"
398,"3 BHK Flat for Rent in Dahanukar Colony, Kothrud, Pune",FurnishingSemi-Furnished,Bathroom3,,AvailabilityImmediately,Carpet Area1300 sqft,Floor5 out of 7,"₹55,000"
399,"1 BHK Flat for Rent in Erandwane, Pune",FurnishingUnfurnished,Bathroom1,,AvailabilityImmediately,Carpet Area550 sqft,Floor2 out of 5,"₹21,000"
400,Studio Apartment for Rent in Pune,FurnishingUnfurnished,Bathroom1,,AvailabilityImmediately,,Floor3 out of 4,Call for Price
401,"1 BHK Flat for Rent in Bharati Vidyapeeth Campus, Pune",FurnishingUnfurnished,Bathroom1,,AvailabilityImmediately,,Floor2 out of 6,"₹13,000"
402,"2 BHK Flat for Rent in Navasahyadri Society, Karvenagar, Pune",FurnishingFurnished,Bathroom2,,AvailabilityImmediately,Carpet Area750 sqft,Floor2 out of 3,"₹32,000"
403,"2 BHK Flat for Rent in Manjari Khurd, Pune",FurnishingSemi-Furnished,Bathroom2,,AvailabilityImmediately,Carpet Area770 sqft,Floor13 out of 22,"₹21,000"
404,"2 BHK Flat for Rent in Pirangut, Pune",FurnishingUnfurnished,Bathroom2,,AvailabilityImmediately,,Floor2 out of 11,"₹9,000"
405,"1 BHK Flat for Rent in Amanora Park Town, Pune",FurnishingSemi-Furnished,Bathroom1,,AvailabilityImmediately,Carpet Area480 sqft,Floor3 out of 12,"₹22,500"
406,"2 BHK Flat for Rent in Manjri, Manjri Budruk, Pune",FurnishingUnfurnished,Bathroom2,,AvailabilityImmediately,Carpet Area723 sqft,Floor11 out of 16,"₹24,000"
407,"3 BHK Flat for Rent in Mumbai Pune Expressway, Pune",FurnishingFurnished,Bathroom4,,AvailabilityImmediately,Carpet Area1480 sqft,Floor9 out of 22,"₹75,000"
408,"3 BHK Flat for Rent in Baner, Pune",FurnishingSemi-Furnished,Bathroom3,,AvailabilityImmediately,,Floor3 out of 8,"₹50,000"
409,"1 BHK Flat for Rent in Akurdi, Pune",FurnishingUnfurnished,Bathroom1,,AvailabilityImmediately,Carpet Area450 sqft,Floor4 out of 4,"₹13,000"
410,"1 BHK Flat for Rent in Dange Chowk Road, Pune",FurnishingUnfurnished,Bathroom1,,AvailabilityImmediately,,Floor1 out of 3,"₹12,000"
411,"3 BHK Flat for Rent in Mumbai Pune Expressway, Pune",FurnishingSemi-Furnished,Bathroom3,,AvailabilityImmediately,Carpet Area1480 sqft,Floor9 out of 23,"₹55,000"
412,"2 BHK Flat for Rent in Wakad, Pune",FurnishingSemi-Furnished,Bathroom2,,AvailabilityImmediately,Carpet Area756 sqft,Floor6 out of 16,"₹26,000"
413,"3 BHK Flat for Rent in Balewadi, Pune",FurnishingUnfurnished,Bathroom3,,AvailabilityImmediately,Carpet Area1100 sqft,Floor9 out of 16,"₹47,000"
414,"1 BHK Flat for Rent in Vishrantwadi, Airport Road, Pune",FurnishingUnfurnished,Bathroom2,,AvailabilityImmediately,Carpet Area500 sqft,Floor2 out of 6,"₹18,000"
415,"Studio Apartment for Rent in Fursungi, Pune",FurnishingUnfurnished,Bathroom1,,AvailabilityImmediately,,Floor3 out of 5,Call for Price
416,"2 BHK Flat for Rent in Manjari Road, Pune",FurnishingUnfurnished,Bathroom2,,AvailabilityImmediately,,Floor3 out of 5,"₹10,000"
417,"2 BHK Flat for Rent in Kolewadi, Pune",FurnishingUnfurnished,Bathroom2,,AvailabilityImmediately,,Floor6 out of 8,"₹8,000"
418,"1 BHK Flat for Rent in Mumbai Pune Expressway, Pune",FurnishingFurnished,Bathroom1,,AvailabilityImmediately,Carpet Area510 sqft,Floor18 out of 24,"₹25,000"
419,"3 BHK Flat for Rent in Magarpatta, Pune",FurnishingSemi-Furnished,Bathroom3,,AvailabilityImmediately,,Floor7 out of 11,"₹42,000"
420,"2 BHK Flat for Rent in Wanowrie, Pune",FurnishingSemi-Furnished,Bathroom2,,AvailabilityImmediately,Carpet Area1020 sqft,Floor1 out of 7,"₹28,000"
421,"1 BHK Flat for Rent in Mumbai Pune Expressway, Pune",FurnishingSemi-Furnished,Bathroom1,,AvailabilityImmediately,Carpet Area510 sqft,Floor12 out of 24,"₹24,000"
422,"1 BHK Flat for Rent in Mumbai Pune Expressway, Pune",FurnishingSemi-Furnished,Bathroom1,,AvailabilityImmediately,Carpet Area510 sqft,Floor14 out of 23,"₹30,000"
423,"1 BHK Flat for Rent in Mumbai Pune Expressway, Pune",FurnishingUnfurnished,Bathroom1,,AvailabilityImmediately,Carpet Area520 sqft,Floor15 out of 22,"₹26,000"
424,"2 BHK Flat for Rent in Magarpatta, Pune",FurnishingFurnished,Bathroom2,,AvailabilityImmediately,,Floor3 out of 7,"₹40,000"
425,"1 BHK Flat for Rent in Bhosari, Pune",FurnishingFurnished,Bathroom1,,AvailabilityImmediately,,Floor3 out of 4,Call for Price
426,"3 BHK Flat for Rent in EON Free Zone, Kharadi, Pune",FurnishingSemi-Furnished,Bathroom3,,AvailabilityImmediately,Carpet Area2000 sqft,Floor2 out of 2,"₹75,000"
427,"2 BHK Flat for Rent in Uruli Devachi, Pune",FurnishingUnfurnished,Bathroom2,,AvailabilityImmediately,,Floor6 out of 9,"₹7,500"
428,"3 BHK Flat for Rent in Pan Card Club Road, Pune",FurnishingSemi-Furnished,Bathroom3,,AvailabilityImmediately,Carpet Area1350 sqft,Floor9 out of 22,"₹70,000"
429,"1 BHK Flat for Rent in Hadapsar, Pune",FurnishingUnfurnished,Bathroom2,,AvailabilityImmediately,,Floor5 out of 11,"₹21,700"
430,"1 BHK Flat for Rent in Hadapsar, Pune",FurnishingUnfurnished,Bathroom1,,AvailabilityImmediately,,Floor4 out of 4,"₹11,000"
431,2 BHK Flat for Rent in Pune,FurnishingUnfurnished,Bathroom2,,AvailabilityImmediately,Carpet Area950 sqft,Floor2 out of 7,"₹50,000"
432,"1 BHK Flat for Rent in Kalyani Nagar, Pune",FurnishingFurnished,Bathroom1,,AvailabilityImmediately,Carpet Area480 sqft,Floor3 out of 8,"₹30,000"
433,"3 BHK Flat for Rent in Wakad, Pune",FurnishingSemi-Furnished,Bathroom3,,AvailabilityImmediately,Carpet Area1278 sqft,Floor10 out of 12,"₹32,000"
434,"1 BHK Flat for Rent in Kharadi, Pune",FurnishingSemi-Furnished,Bathroom1,,AvailabilityImmediately,Carpet Area500 sqft,Floor8 out of 11,"₹23,500"
435,"4 BHK Flat for Rent in Boat Club Road, Pune",FurnishingUnfurnished,Bathroom4,,AvailabilityImmediately,Carpet Area3000 sqft,Floor3 out of 5,₹1.9 Lac
436,"4 BHK Flat for Rent in Pimple Nilakh, Pimpri Chinchwad, Pune",FurnishingFurnished,Bathroom6,,AvailabilityImmediately,Carpet Area2560 sqft,FloorLower Basement out of 12,₹1.7 Lac
437,"2 BHK Flat for Rent in Balewadi, Pune",FurnishingUnfurnished,Bathroom2,,AvailabilityImmediately,Carpet Area900 sqft,Floor1 out of 1,"₹35,000"
438,"3 BHK Flat for Rent in Pimple Saudagar, Pimpri Chinchwad, Pune",FurnishingUnfurnished,Bathroom3,,AvailabilityImmediately,Carpet Area1200 sqft,Floor3 out of 7,"₹30,000"
439,"2 BHK Flat for Rent in Viman Nagar, Pune",FurnishingFurnished,Bathroom2,,AvailabilityImmediately,,Floor7 out of 9,"₹45,000"
440,"2 BHK Flat for Rent in Hinjawadi, Pune",FurnishingUnfurnished,Bathroom2,,AvailabilityImmediately,Carpet Area720 sqft,Floor10 out of 14,"₹23,000"
441,"1 BHK Flat for Rent in Hadapsar, Pune",FurnishingSemi-Furnished,Bathroom1,,AvailabilityImmediately,Carpet Area450 sqft,Floor4 out of 5,"₹23,500"
442,"3 BHK Flat for Rent in Koregaon Park, Pune",FurnishingSemi-Furnished,Bathroom4,,AvailabilityImmediately,,Floor4 out of 5,₹1 Lac
443,"2 BHK Flat for Rent in Punvale Bazar, Pune",FurnishingSemi-Furnished,Bathroom2,,AvailabilityImmediately,Carpet Area750 sqft,Floor25 out of 27,"₹22,000"
444,"1 BHK Flat for Rent in Mahalunge, Pune",FurnishingSemi-Furnished,Bathroom1,,AvailabilityImmediately,Carpet Area460 sqft,,"₹19,000"
445,"3 BHK Flat for Rent in Model Colony, Shivaji Nagar, Pune",FurnishingUnfurnished,Bathroom3,,AvailabilityFrom Apr '25,Carpet Area1250 sqft,Floor5 out of 12,"₹62,000"
446,"2 BHK Flat for Rent in Kharadi, Pune",FurnishingSemi-Furnished,Bathroom2,,AvailabilityImmediately,Carpet Area750 sqft,Floor2 out of 11,"₹31,000"
447,"2 BHK Flat for Rent in Balewadi, Pune",FurnishingFurnished,Bathroom2,,AvailabilityImmediately,Carpet Area873 sqft,Floor12 out of 18,"₹39,500"
448,"3 BHK Flat for Rent in Punawale, Pimpri Chinchwad, Pune",FurnishingSemi-Furnished,Bathroom2,,AvailabilityImmediately,,Floor4 out of 27,"₹28,000"
449,"3 BHK Flat for Rent in Vishrantwadi, Airport Road, Pune",FurnishingUnfurnished,Bathroom3,,AvailabilityImmediately,Carpet Area1193 sqft,Floor5 out of 11,"₹43,000"
